{
"orderId":49993,
"suiteDetails":[
{
"botDetails":[
{
"botInput":{
"REMEDY_NCT_URL":"http://remuatappmgt1-mo3.osn.wireless.rogers.com:8443/api/arsys/v1/entry/NCT%3ATicket/",
"Mail_To":"logesh.j@prodapt.com",
"Battery_IP_URL":"http://remprodappmgt1-dyas.osn.wireless.rogers.com:8443/api/arsys/v1/entry/Site%3AContent?q=%27Location+Code%27=%22",
"EquipmentCategory":"Power System",
"REMEDY_USR":"OO_USER_UAT",
"NCT_ID":[
"NCT.2112.000158",
"NCT.2112.000159",
"NCT.2112.000160"
],
"Make":"ELTEK",
"Vendor":"ELTEK",
"Battery_EquipmentPropertyURL":"http://remuatappmgt1-mo3.osn.wireless.rogers.com:8443/api/arsys/v1/entry/OM:EquipmentProperty?q=%27OMEUID%27=%22",
"IMT":{
"severity":3,
"customKPI_IP":"ESAP_TAF_AUTH",
"customKPI_URL":"http://wlsesapdev1-mo3.osn.wireless.rogers.com:7003/ESAPWS/customKpi/customPlatformAlarm",
"ipAddress":"0.0.0.0",
"kpiName":"Battery Failure",
"platformName":"Battery Testing Automation"
},
"NCT":[
{
"NCT_ID":"NCT.2112.000158",
"Battery_String_Count":"1",
"LVD":"YES",
"Battery_RAN_IP":"172.29.52.8",
"FOP_PMTech":"anuj.fernando",
"ModelName" : "abc",
"LVLD_Voltage": "40",
"LVBD_Volatege": "3",
"TestStarted" : "yes",
"TestCompleted" : "no"
},
{
"NCT_ID":"NCT.2112.000159",
"Battery_String_Count":"1",
"LVD":"YES",
"Battery_RAN_IP":"172.29.52.8",
"FOP_PMTech":"anuj.fernando",
"ModelName" : "abc",
"LVLD_Voltage": "40",
"LVBD_Volatege": "3",
"TestStarted" : "yes",
"TestCompleted" : "yes"
},
{
"NCT_ID":"NCT.2112.000160",
"Battery_String_Count":"1",
"LVD":"YES",
"Battery_RAN_IP":"172.29.52.8",
"FOP_PMTech":"anuj.fernando",
"ModelName" : "abc",
"LVLD_Voltage": "40",
"LVBD_Volatege": "3",
"TestStarted" : "yes",
"TestCompleted" : "no"
}
],
"Battery_EquipmentUnitURL":"http://remuatappmgt1-mo3.osn.wireless.rogers.com:8443/api/arsys/v1/entry/OM%3AEquipmentUnit?q=%27LocationCode%27=%22",
"Equipment":"PWR",
"Model":"SMARTPACK",
"REMEDY_TOKEN_URL":"http://remuatappmgt1-mo3.osn.wireless.rogers.com:8443/api/jwt/login"
},
"botName":"mainPage"
}
],
"suiteName":"AHK-Battery"
}
],
"FolderPath":"C:/Users/Viji.J/Documents/TAF_AHK/OrderLogs/"
}